team,team_code,number,name,type
Panini,PANINI,0,Panini Logo - We Are Panini,panini special · foil
World Cup History,FWC,1,Official Emblem,FIFA World Cup special · foil
World Cup History,FWC,2,Official Emblem,FIFA World Cup special · foil
World Cup History,FWC,3,Official Mascots,FIFA World Cup special · foil
World Cup History,FWC,4,Official Slogan,FIFA World Cup special · foil
World Cup History,FWC,5,Official Ball,FIFA World Cup special · foil
World Cup History,FWC,6,Canada - Host Countries & Cities,FIFA World Cup special · foil
World Cup History,FWC,7,Mexico - Host Countries & Cities,FIFA World Cup special · foil
World Cup History,FWC,8,USA - Host Countries & Cities,FIFA World Cup special · foil
World Cup History,FWC,9,Italy 1934 - World Cup History,FIFA World Cup special · foil
World Cup History,FWC,10,Uruguay 1950 - World Cup History,FIFA World Cup special · foil
World Cup History,FWC,11,West Germany 1954 - World Cup History,FIFA World Cup special · foil
World Cup History,FWC,12,Brazil 1962 - World Cup History,FIFA World Cup special · foil
World Cup History,FWC,13,West Germany 1974 - World Cup History,FIFA World Cup special · foil
World Cup History,FWC,14,Argentina 1986 - World Cup History,FIFA World Cup special · foil
World Cup History,FWC,15,Brazil 1994 - World Cup History,FIFA World Cup special · foil
World Cup History,FWC,16,Brazil 2002 - World Cup History,FIFA World Cup special · foil
World Cup History,FWC,17,Italy 2006 - World Cup History,FIFA World Cup special · foil
World Cup History,FWC,18,Germany 2014 - World Cup History,FIFA World Cup special · foil
World Cup History,FWC,19,Argentina 2022 - World Cup History,FIFA World Cup special · foil
Algeria,ALG,1,Team Logo,team logo · foil
Algeria,ALG,2,Alexis Guendouz,player sticker
Algeria,ALG,3,Ramy Bensebaini,player sticker
Algeria,ALG,4,Youcef Atal,player sticker
Algeria,ALG,5,Rayan Aït-Nouri,player sticker
Algeria,ALG,6,Mohamed Amine Tougai,player sticker
Algeria,ALG,7,Aïssa Mandi,player sticker
Algeria,ALG,8,Ismael Bennacer,player sticker
Algeria,ALG,9,Houssem Aquar,player sticker
Algeria,ALG,10,Hicham Boudaoui,player sticker
Algeria,ALG,11,Ramiz Zerrouki,player sticker
Algeria,ALG,12,Nabil Bentalab,player sticker
Algeria,ALG,13,Team Photo,team photo
Algeria,ALG,14,Farés Chaibi,player sticker
Algeria,ALG,15,Riyad Mahrez,player sticker
Algeria,ALG,16,Said Benrahma,player sticker
Algeria,ALG,17,Anis Hadj Moussa,player sticker
Algeria,ALG,18,Amine Gouiri,player sticker
Algeria,ALG,19,Baghdad Bounedjah,player sticker
Algeria,ALG,20,Mohammed Amoura,player sticker
Argentina,ARG,1,Team Logo,team logo · foil
Argentina,ARG,2,Emiliano Martinez,player sticker
Argentina,ARG,3,Nahuel Molina,player sticker
Argentina,ARG,4,Cristian Romero,player sticker
Argentina,ARG,5,Nicolas Otamendi,player sticker
Argentina,ARG,6,Nicolas Tagliafico,player sticker
Argentina,ARG,7,Leonardo Balerdi,player sticker
Argentina,ARG,8,Enzo Fernandez,player sticker
Argentina,ARG,9,Alexis Mac Allister,player sticker
Argentina,ARG,10,Rodrigo De Paul,player sticker
Argentina,ARG,11,Exequiel Palacios,player sticker
Argentina,ARG,12,Leandro Paredes,player sticker
Argentina,ARG,13,Team Photo,team photo
Argentina,ARG,14,Nico Paz,player sticker
Argentina,ARG,15,Franco Mastantuono,player sticker
Argentina,ARG,16,Nico Gonzalez,player sticker
Argentina,ARG,17,Lionel Messi,player sticker
Argentina,ARG,18,Lautaro Martinez,player sticker
Argentina,ARG,19,Julian Alvarez,player sticker
Argentina,ARG,20,Giuliano Simeone,player sticker
Australia,AUS,1,Team Logo,team logo · foil
Australia,AUS,2,Mathew Ryan,player sticker
Australia,AUS,3,Joe Gauci,player sticker
Australia,AUS,4,Harry Souttar,player sticker
Australia,AUS,5,Alessandro Circati,player sticker
Australia,AUS,6,Jordan Bos,player sticker
Australia,AUS,7,Aziz Behich,player sticker
Australia,AUS,8,Cameron Burgess,player sticker
Australia,AUS,9,Lewis Miller,player sticker
Australia,AUS,10,Milos Degenek,player sticker
Australia,AUS,11,Jackson Irvine,player sticker
Australia,AUS,12,Riley McGree,player sticker
Australia,AUS,13,Team Photo,team photo
Australia,AUS,14,Aiden O'Neill,player sticker
Australia,AUS,15,Connor Metcalfe,player sticker
Australia,AUS,16,Patrick Yazbek,player sticker
Australia,AUS,17,Craig Goodwin,player sticker
Australia,AUS,18,Kusini Vengi,player sticker
Australia,AUS,19,Nestory Irankunda,player sticker
Australia,AUS,20,Mohamed Touré,player sticker
Austria,AUT,1,Team Logo,team logo · foil
Austria,AUT,2,Alexander Schlager,player sticker
Austria,AUT,3,Patrick Pentz,player sticker
Austria,AUT,4,David Alaba,player sticker
Austria,AUT,5,Kevin Danso,player sticker
Austria,AUT,6,Philipp Lienhart,player sticker
Austria,AUT,7,Stefan Posch,player sticker
Austria,AUT,8,Phillipp Mwene,player sticker
Austria,AUT,9,Alexander Prass,player sticker
Austria,AUT,10,Xaver Schlager,player sticker
Austria,AUT,11,Marcel Sabitzer,player sticker
Austria,AUT,12,Konrad Laimer,player sticker
Austria,AUT,13,Team Photo,team photo
Austria,AUT,14,Florian Grillitsch,player sticker
Austria,AUT,15,Nicolas Seiwald,player sticker
Austria,AUT,16,Romano Schmid,player sticker
Austria,AUT,17,Patrick Wimmer,player sticker
Austria,AUT,18,Christoph Baumgartner,player sticker
Austria,AUT,19,Michael Gregoritsch,player sticker
Austria,AUT,20,Marko Arnautović,player sticker
Belgium,BEL,1,Team Logo,team logo · foil
Belgium,BEL,2,Thibaut Courtois,player sticker
Belgium,BEL,3,Arthur Theate,player sticker
Belgium,BEL,4,Timothy Castagne,player sticker
Belgium,BEL,5,Zeno Debast,player sticker
Belgium,BEL,6,Brandon Mechele,player sticker
Belgium,BEL,7,Maxim De Cuyper,player sticker
Belgium,BEL,8,Thomas Meunier,player sticker
Belgium,BEL,9,Youri Tielemans,player sticker
Belgium,BEL,10,Amadou Onana,player sticker
Belgium,BEL,11,Nicolas Raskin,player sticker
Belgium,BEL,12,Alexis Saelemaekers,player sticker
Belgium,BEL,13,Team Photo,team photo
Belgium,BEL,14,Hans Vanaken,player sticker
Belgium,BEL,15,Kevin De Bruyne,player sticker
Belgium,BEL,16,Jérémy Doku,player sticker
Belgium,BEL,17,Charles De Ketelaere,player sticker
Belgium,BEL,18,Leandro Trossard,player sticker
Belgium,BEL,19,Loïs Openda,player sticker
Belgium,BEL,20,Romelu Lukaku,player sticker
Bosnia and Herzegovina,BIH,1,Team Logo,team logo · foil
Bosnia and Herzegovina,BIH,2,Nikola Vasilj,player sticker
Bosnia and Herzegovina,BIH,3,Amer Dedic,player sticker
Bosnia and Herzegovina,BIH,4,Sead Kolasinac,player sticker
Bosnia and Herzegovina,BIH,5,Tarik Muharemovic,player sticker
Bosnia and Herzegovina,BIH,6,Nihad Mujakic,player sticker
Bosnia and Herzegovina,BIH,7,Nikola Katic,player sticker
Bosnia and Herzegovina,BIH,8,Amir Hadziahmetovic,player sticker
Bosnia and Herzegovina,BIH,9,Benjamin Tahirovic,player sticker
Bosnia and Herzegovina,BIH,10,Armin Gigovic,player sticker
Bosnia and Herzegovina,BIH,11,Ivan Sunjic,player sticker
Bosnia and Herzegovina,BIH,12,Ivan Basic,player sticker
Bosnia and Herzegovina,BIH,13,Team Photo,team photo
Bosnia and Herzegovina,BIH,14,Dzenis Burnic,player sticker
Bosnia and Herzegovina,BIH,15,Esmir Bajraktarevic,player sticker
Bosnia and Herzegovina,BIH,16,Amar Memic,player sticker
Bosnia and Herzegovina,BIH,17,Ermedin Demirovic,player sticker
Bosnia and Herzegovina,BIH,18,Edin Dzeko,player sticker
Bosnia and Herzegovina,BIH,19,Samed Bazdar,player sticker
Bosnia and Herzegovina,BIH,20,Haris Tabakovic,player sticker
Brazil,BRA,1,Team Logo,team logo · foil
Brazil,BRA,2,Alisson,player sticker
Brazil,BRA,3,Bento,player sticker
Brazil,BRA,4,Marquinhos,player sticker
Brazil,BRA,5,Éder Militão,player sticker
Brazil,BRA,6,Gabriel Magalhães,player sticker
Brazil,BRA,7,Danilo,player sticker
Brazil,BRA,8,Wesley,player sticker
Brazil,BRA,9,Lucas Paquetá,player sticker
Brazil,BRA,10,Casemiro,player sticker
Brazil,BRA,11,Bruno Guimarães,player sticker
Brazil,BRA,12,Luiz Henrique,player sticker
Brazil,BRA,13,Team Photo,team photo
Brazil,BRA,14,Vinicius Júnior,player sticker
Brazil,BRA,15,Rodrygo,player sticker
Brazil,BRA,16,João Pedro,player sticker
Brazil,BRA,17,Matheus Cunha,player sticker
Brazil,BRA,18,Gabriel Martinelli,player sticker
Brazil,BRA,19,Raphinha,player sticker
Brazil,BRA,20,Estévão,player sticker
Canada,CAN,1,Team Logo,team logo · foil
Canada,CAN,2,Dayne St.Clair,player sticker
Canada,CAN,3,Alphonso Davies,player sticker
Canada,CAN,4,Alistair Johnston,player sticker
Canada,CAN,5,Samuel Adekugbe,player sticker
Canada,CAN,6,Riche Larvea,player sticker
Canada,CAN,7,Derek Cornelius,player sticker
Canada,CAN,8,Moïse Bombito,player sticker
Canada,CAN,9,Kamal Miller,player sticker
Canada,CAN,10,Stephen Eustáquio,player sticker
Canada,CAN,11,Ismaël Koné,player sticker
Canada,CAN,12,Jonathan Osorio,player sticker
Canada,CAN,13,Team Photo,team photo
Canada,CAN,14,Jacob Shaffelburg,player sticker
Canada,CAN,15,Mathieu Choinière,player sticker
Canada,CAN,16,Niko Sigur,player sticker
Canada,CAN,17,Tajon Buchanan,player sticker
Canada,CAN,18,Liam Millar,player sticker
Canada,CAN,19,Cyle Larin,player sticker
Canada,CAN,20,Jonathan David,player sticker
Côte d'Ivoire,CIV,1,Team Logo,team logo · foil
Côte d'Ivoire,CIV,2,Yahia Fofana,player sticker
Côte d'Ivoire,CIV,3,Ghislain Konan,player sticker
Côte d'Ivoire,CIV,4,Wilfried Singo,player sticker
Côte d'Ivoire,CIV,5,Odilon Kossounou,player sticker
Côte d'Ivoire,CIV,6,Evan Ndicka,player sticker
Côte d'Ivoire,CIV,7,Willy Boly,player sticker
Côte d'Ivoire,CIV,8,Emmanuel Agbadou,player sticker
Côte d'Ivoire,CIV,9,Ousmane Diomande,player sticker
Côte d'Ivoire,CIV,10,Franck Kessie,player sticker
Côte d'Ivoire,CIV,11,Seko Fofana,player sticker
Côte d'Ivoire,CIV,12,Ibrahim Sangare,player sticker
Côte d'Ivoire,CIV,13,Team Photo,team photo
Côte d'Ivoire,CIV,14,Jean-Philippe Gbamin,player sticker
Côte d'Ivoire,CIV,15,Amad Diallo,player sticker
Côte d'Ivoire,CIV,16,Sébastien Haller,player sticker
Côte d'Ivoire,CIV,17,Simon Adingra,player sticker
Côte d'Ivoire,CIV,18,Yan Diomande,player sticker
Côte d'Ivoire,CIV,19,Evann Guessand,player sticker
Côte d'Ivoire,CIV,20,Oumar Diakite,player sticker
DR Congo,COD,1,Team Logo,team logo · foil
DR Congo,COD,2,Lionel Mpasi,player sticker
DR Congo,COD,3,Aaron Wan-Bissaka,player sticker
DR Congo,COD,4,Axel Tuanzebe,player sticker
DR Congo,COD,5,Arthur Masuaku,player sticker
DR Congo,COD,6,Chancel Mbemba,player sticker
DR Congo,COD,7,Joris Kayembe,player sticker
DR Congo,COD,8,Charles Pickel,player sticker
DR Congo,COD,9,Ngal'ayel Mukau,player sticker
DR Congo,COD,10,Edo Kayembe,player sticker
DR Congo,COD,11,Samuel Moutoussamy,player sticker
DR Congo,COD,12,Noah Sadiki,player sticker
DR Congo,COD,13,Team Photo,team photo
DR Congo,COD,14,Théo Bongonda,player sticker
DR Congo,COD,15,Meschak Elia,player sticker
DR Congo,COD,16,Yoane Wissa,player sticker
DR Congo,COD,17,Brian Cipenga,player sticker
DR Congo,COD,18,Fiston Mayele,player sticker
DR Congo,COD,19,Cédric Bakambu,player sticker
DR Congo,COD,20,Nathanaël Mbuku,player sticker
Colombia,COL,1,Team Logo,team logo · foil
Colombia,COL,2,Camilo Vargas,player sticker
Colombia,COL,3,David Ospina,player sticker
Colombia,COL,4,Dávinson Sánchez,player sticker
Colombia,COL,5,Yerry Mina,player sticker
Colombia,COL,6,Daniel Munoz,player sticker
Colombia,COL,7,Johan Mojica,player sticker
Colombia,COL,8,Jhon Lucumí,player sticker
Colombia,COL,9,Santiago Arias,player sticker
Colombia,COL,10,Jefferson Lerma,player sticker
Colombia,COL,11,Kevin Castaño,player sticker
Colombia,COL,12,Richard Rios,player sticker
Colombia,COL,13,Team Photo,team photo
Colombia,COL,14,James Rodriguez,player sticker
Colombia,COL,15,Juan Fernando Quintero,player sticker
Colombia,COL,16,Jorge Carrascal,player sticker
Colombia,COL,17,Jon Arias,player sticker
Colombia,COL,18,Jhon Cordova,player sticker
Colombia,COL,19,Luis Suarez,player sticker
Colombia,COL,20,Luis Diaz,player sticker
Cape Verde,CPV,1,Team Logo,team logo · foil
Cape Verde,CPV,2,Vozinha,player sticker
Cape Verde,CPV,3,Logan Costa,player sticker
Cape Verde,CPV,4,Pico,player sticker
Cape Verde,CPV,5,Diney,player sticker
Cape Verde,CPV,6,Steven Moreira,player sticker
Cape Verde,CPV,7,Wagner Pina,player sticker
Cape Verde,CPV,8,Joao Paulo,player sticker
Cape Verde,CPV,9,Yannick Semedo,player sticker
Cape Verde,CPV,10,Kevin Pina,player sticker
Cape Verde,CPV,11,Patrick Andrade,player sticker
Cape Verde,CPV,12,Jamiro Monteiro,player sticker
Cape Verde,CPV,13,Team Photo,team photo
Cape Verde,CPV,14,Deroy Duarte,player sticker
Cape Verde,CPV,15,Garry Rodrigues,player sticker
Cape Verde,CPV,16,Jovane Cabral,player sticker
Cape Verde,CPV,17,Ryan Mendes,player sticker
Cape Verde,CPV,18,Dailon Livramento,player sticker
Cape Verde,CPV,19,Willy Semedo,player sticker
Cape Verde,CPV,20,Bebe,player sticker
Croatia,CRO,1,Team Logo,team logo · foil
Croatia,CRO,2,Dominik Livaković,player sticker
Croatia,CRO,3,Duje Caleta-Car,player sticker
Croatia,CRO,4,Josko Gvardiol,player sticker
Croatia,CRO,5,Josip Stanišić,player sticker
Croatia,CRO,6,Luka Vušković,player sticker
Croatia,CRO,7,Josip Sutalo,player sticker
Croatia,CRO,8,Kristijan Jakic,player sticker
Croatia,CRO,9,Luka Modrić,player sticker
Croatia,CRO,10,Mateo Kovacic,player sticker
Croatia,CRO,11,Martin Baturina,player sticker
Croatia,CRO,12,Lovro Majer,player sticker
Croatia,CRO,13,Team Photo,team photo
Croatia,CRO,14,Mario Pasalic,player sticker
Croatia,CRO,15,Petar Sucic,player sticker
Croatia,CRO,16,Ivan Perišić,player sticker
Croatia,CRO,17,Marco Pasalic,player sticker
Croatia,CRO,18,Ante Budimir,player sticker
Croatia,CRO,19,Andrej Kramarić,player sticker
Croatia,CRO,20,Franjo Ivanovic,player sticker
Curaçao,CUW,1,Team Logo,team logo · foil
Curaçao,CUW,2,Eloy Room,player sticker
Curaçao,CUW,3,Armando Obispo,player sticker
Curaçao,CUW,4,Sherel Floranus,player sticker
Curaçao,CUW,5,Jurien Gaari,player sticker
Curaçao,CUW,6,Joshua Brenet,player sticker
Curaçao,CUW,7,Roshon Van Eijma,player sticker
Curaçao,CUW,8,Shurandy Sambo,player sticker
Curaçao,CUW,9,Livano Comenencia,player sticker
Curaçao,CUW,10,Godfried Roemeratoe,player sticker
Curaçao,CUW,11,Juninho Bacuna,player sticker
Curaçao,CUW,12,Leandro Bacuna,player sticker
Curaçao,CUW,13,Team Photo,team photo
Curaçao,CUW,14,Tahith Chong,player sticker
Curaçao,CUW,15,Kenji Gorre,player sticker
Curaçao,CUW,16,Jearl Margaritha,player sticker
Curaçao,CUW,17,Jurgen Locadia,player sticker
Curaçao,CUW,18,Jeremy Antonisse,player sticker
Curaçao,CUW,19,Gervane Kastaneer,player sticker
Curaçao,CUW,20,Sontje Hansen,player sticker
Czechia,CZE,1,Team Logo,team logo · foil
Czechia,CZE,2,Matej Kovar,player sticker
Czechia,CZE,3,Jindrich Stanek,player sticker
Czechia,CZE,4,Ladislav Krejci,player sticker
Czechia,CZE,5,Vladimir Coufal,player sticker
Czechia,CZE,6,Jaroslav Zeleny,player sticker
Czechia,CZE,7,Tomas Holes,player sticker
Czechia,CZE,8,David Zima,player sticker
Czechia,CZE,9,Michal Sadilek,player sticker
Czechia,CZE,10,Lukas Provod,player sticker
Czechia,CZE,11,Lukas Cerv,player sticker
Czechia,CZE,12,Tomas Soucek,player sticker
Czechia,CZE,13,Team Photo,team photo
Czechia,CZE,14,Pavel Sulc,player sticker
Czechia,CZE,15,Matej Vydra,player sticker
Czechia,CZE,16,Vasil Kusej,player sticker
Czechia,CZE,17,Tomas Chory,player sticker
Czechia,CZE,18,Vaclav Cerny,player sticker
Czechia,CZE,19,Adam Hlozek,player sticker
Czechia,CZE,20,Patrik Schick,player sticker
Ecuador,ECU,1,Team Logo,team logo · foil
Ecuador,ECU,2,Hernán Galíndez,player
Ecuador,ECU,3,Gonzalo Valle,player
Ecuador,ECU,4,Piero Hincapié,player
Ecuador,ECU,5,Pervis Estupiñán,player
Ecuador,ECU,6,Willian Pacho,player
Ecuador,ECU,7,Ángelo Preciado,player
Ecuador,ECU,8,Joel Ordóñez,player
Ecuador,ECU,9,Moises Caicedo,player
Ecuador,ECU,10,Alan Franco,player
Ecuador,ECU,11,Kendry Paez,player
Ecuador,ECU,12,Pedro Vite,player
Ecuador,ECU,13,Team Photo,team photo
Ecuador,ECU,14,John Veboah,player
Ecuador,ECU,15,Leonardo Campana,player
Ecuador,ECU,16,Gonzalo Plata,player
Ecuador,ECU,17,Nilson Angulo,player
Ecuador,ECU,18,Alan Minda,player
Ecuador,ECU,19,Kevin Rodriguez,player
Ecuador,ECU,20,Enner Valencia,player
Egypt,EGY,1,Team Logo,team logo · foil
Egypt,EGY,2,Mohamed El Shenawy,player sticker
Egypt,EGY,3,Mohamed Hany,player sticker
Egypt,EGY,4,Mohamed Hamdy,player sticker
Egypt,EGY,5,Yasser Ibrahim,player sticker
Egypt,EGY,6,Khaled Sobhi,player sticker
Egypt,EGY,7,Ramy Rabia,player sticker
Egypt,EGY,8,Hossam Abdelmaguid,player sticker
Egypt,EGY,9,Ahmed Fatouh,player sticker
Egypt,EGY,10,Marwan Attia,player sticker
Egypt,EGY,11,Zizo,player sticker
Egypt,EGY,12,Hamdy Fathy,player sticker
Egypt,EGY,13,Team Photo,team photo
Egypt,EGY,14,Mohamed Lasheen,player sticker
Egypt,EGY,15,Emam Ashour,player sticker
Egypt,EGY,16,Osama Faisal,player sticker
Egypt,EGY,17,Mohamed Salah,player sticker
Egypt,EGY,18,Mostafa Mohamed,player sticker
Egypt,EGY,19,Trezeguet,player sticker
Egypt,EGY,20,Omar Marmoush,player sticker
England,ENG,1,Team Logo,team logo · foil
England,ENG,2,Jordan Pickford,player sticker
England,ENG,3,John Stones,player sticker
England,ENG,4,Marc Guéhi,player sticker
England,ENG,5,Ezri Konsa,player sticker
England,ENG,6,Trent Alexander-Arnold,player sticker
England,ENG,7,Reece James,player sticker
England,ENG,8,Dan Burn,player sticker
England,ENG,9,Jordan Henderson,player sticker
England,ENG,10,Declan Rice,player sticker
England,ENG,11,Jude Bellingham,player sticker
England,ENG,12,Cole Palmer,player sticker
England,ENG,13,Team Photo,team photo
England,ENG,14,Morgan Rogers,player sticker
England,ENG,15,Anthony Gordon,player sticker
England,ENG,16,Phil Foden,player sticker
England,ENG,17,Bukayo Saka,player sticker
England,ENG,18,Harry Kane,player sticker
England,ENG,19,Marcus Rashford,player sticker
England,ENG,20,Ollie Watkins,player sticker
Spain,ESP,1,Team Logo,team logo · foil
Spain,ESP,2,Unai Simon,player sticker
Spain,ESP,3,Robin Le Normand,player sticker
Spain,ESP,4,Aymeric Laporte,player sticker
Spain,ESP,5,Dean Huijsen,player sticker
Spain,ESP,6,Pedro Porro,player sticker
Spain,ESP,7,Dani Carvajal,player sticker
Spain,ESP,8,Marc Cucurella,player sticker
Spain,ESP,9,Martín Zubimendi,player sticker
Spain,ESP,10,Rodri,player sticker
Spain,ESP,11,Pedri,player sticker
Spain,ESP,12,Fabian Ruiz,player sticker
Spain,ESP,13,Team Photo,team photo
Spain,ESP,14,Mikel Merino,player sticker
Spain,ESP,15,Lamine Yamal,player sticker
Spain,ESP,16,Dani Olmo,player sticker
Spain,ESP,17,Nico Williams,player sticker
Spain,ESP,18,Ferran Torres,player sticker
Spain,ESP,19,Álvaro Morata,player sticker
Spain,ESP,20,Mikel Oyarzabal,player sticker
France,FRA,1,Team Logo,team logo · foil
France,FRA,2,Mike Maignan,player sticker
France,FRA,3,Theo Hernandez,player sticker
France,FRA,4,William Saliba,player sticker
France,FRA,5,Jules Kounde,player sticker
France,FRA,6,Ibrahima Konate,player sticker
France,FRA,7,Dayot Upamecano,player sticker
France,FRA,8,Lucas Digne,player sticker
France,FRA,9,Aurélien Tchouaméni,player sticker
France,FRA,10,Eduardo Camavinga,player sticker
France,FRA,11,Manu Kone,player sticker
France,FRA,12,Adrien Rabiot,player sticker
France,FRA,13,Team Photo,team photo
France,FRA,14,Michael Olise,player sticker
France,FRA,15,Ousmane Dembele,player sticker
France,FRA,16,Bradley Barcola,player sticker
France,FRA,17,Désiré Doué,player sticker
France,FRA,18,Kingsley Coman,player sticker
France,FRA,19,Hugo Ekitike,player sticker
France,FRA,20,Kylian Mbappe,player sticker
Germany,GER,1,Team Logo,team logo · foil
Germany,GER,2,Marc-André ter Stegen,player sticker
Germany,GER,3,Jonathan Tah,player sticker
Germany,GER,4,David Raum,player sticker
Germany,GER,5,Nico Schlotterbeck,player sticker
Germany,GER,6,Antonio Rüdiger,player sticker
Germany,GER,7,Waldemar Anton,player sticker
Germany,GER,8,Ridle Baku,player sticker
Germany,GER,9,Maximilian Mittelstadt,player sticker
Germany,GER,10,Joshua Kimmich,player sticker
Germany,GER,11,Florian Wirtz,player sticker
Germany,GER,12,Felix Nmecha,player sticker
Germany,GER,13,Team Photo,team photo
Germany,GER,14,Leon Goretzka,player sticker
Germany,GER,15,Jamal Musiala,player sticker
Germany,GER,16,Serge Gnabry,player sticker
Germany,GER,17,Kai Havertz,player sticker
Germany,GER,18,Leroy Sane,player sticker
Germany,GER,19,Karim Adeyemi,player sticker
Germany,GER,20,Nick Woltemade,player sticker
Ghana,GHA,1,Team Logo,team logo · foil
Ghana,GHA,2,Lawrence Ati Zigi,player sticker
Ghana,GHA,3,Tariq Lamptey,player sticker
Ghana,GHA,4,Mohammed Salisu,player sticker
Ghana,GHA,5,Alidu Seidu,player sticker
Ghana,GHA,6,Alexander Djiku,player sticker
Ghana,GHA,7,Gideon Mensah,player sticker
Ghana,GHA,8,Caleb Yirenkyi,player sticker
Ghana,GHA,9,Abdul Issahaku Fatawu,player sticker
Ghana,GHA,10,Thomas Partey,player sticker
Ghana,GHA,11,Salis Abdul Samed,player sticker
Ghana,GHA,12,Kamaldeen Sulemana,player sticker
Ghana,GHA,13,Team Photo,team photo
Ghana,GHA,14,Mohammed Kudus,player sticker
Ghana,GHA,15,Inaki Williams,player sticker
Ghana,GHA,16,Jordan Ayew,player sticker
Ghana,GHA,17,Andrew Ayew,player sticker
Ghana,GHA,18,Joseph Paintsil,player sticker
Ghana,GHA,19,Osman Bukari,player sticker
Ghana,GHA,20,Antoine Semenyo,player sticker
Haiti,HAI,1,Team Logo,team logo · foil
Haiti,HAI,2,Johny Placide,player
Haiti,HAI,3,Carlens Arcus,player
Haiti,HAI,4,Martin Expérience,player
Haiti,HAI,5,Jean-Kevin Duverne,player
Haiti,HAI,6,Ricardo Adé,player
Haiti,HAI,7,Duke Lacroix,player
Haiti,HAI,8,Garven Metusala,player
Haiti,HAI,9,Hannes Delcroix,player
Haiti,HAI,10,Leverton Pierre,player
Haiti,HAI,11,Danley Jean Jacques,player
Haiti,HAI,12,Jean-Ricner Bellegarde,player
Haiti,HAI,13,Team Photo,team photo
Haiti,HAI,14,Christopher Attys,player
Haiti,HAI,15,Derrick Etienne Jr,player
Haiti,HAI,16,Josue Casimir,player
Haiti,HAI,17,Ruben Providence,player
Haiti,HAI,18,Duckens Nazon,player
Haiti,HAI,19,Louicius Deedson,player
Haiti,HAI,20,Frantzdy Pierrot,player
Iran,IRN,1,Team Logo,team logo · foil
Iran,IRN,2,Alireza Beiranvand,player sticker
Iran,IRN,3,Morteza Pouraliganji,player sticker
Iran,IRN,4,Ehsan Hajsafi,player sticker
Iran,IRN,5,Milad Mohammadi,player sticker
Iran,IRN,6,Shojae Khalilzadeh,player sticker
Iran,IRN,7,Ramin Rezaeian,player sticker
Iran,IRN,8,Hossein Kanaani,player sticker
Iran,IRN,9,Sadegh Moharrami,player sticker
Iran,IRN,10,Saleh Hardani,player sticker
Iran,IRN,11,Saeed Ezatolahi,player sticker
Iran,IRN,12,Saman Ghoddos,player sticker
Iran,IRN,13,Team Photo,team photo
Iran,IRN,14,Omid Noorafkan,player sticker
Iran,IRN,15,Roozbeh Cheshmi,player sticker
Iran,IRN,16,Mohammad Mohebi,player sticker
Iran,IRN,17,Sardar Azmoun,player sticker
Iran,IRN,18,Mehdi Taremi,player sticker
Iran,IRN,19,Alireza Jahanbakhsh,player sticker
Iran,IRN,20,Ali Gholizadeh,player sticker
Iraq,IRQ,1,Team Logo,team logo · foil
Iraq,IRQ,2,Jalal Hassan,player sticker
Iraq,IRQ,3,Rebin Sulaka,player sticker
Iraq,IRQ,4,Hussein Ali,player sticker
Iraq,IRQ,5,Akam Hashem,player sticker
Iraq,IRQ,6,Merchas Doski,player sticker
Iraq,IRQ,7,Zaid Tahseen,player sticker
Iraq,IRQ,8,Manaf Younis,player sticker
Iraq,IRQ,9,Zidane Iqbal,player sticker
Iraq,IRQ,10,Amir Al-Ammari,player sticker
Iraq,IRQ,11,Ibrahim Bavesh,player sticker
Iraq,IRQ,12,Ali Jasim,player sticker
Iraq,IRQ,13,Team Photo,team photo
Iraq,IRQ,14,Youssef Amyn,player sticker
Iraq,IRQ,15,Aimar Sher,player sticker
Iraq,IRQ,16,Marko Farji,player sticker
Iraq,IRQ,17,Osama Rashid,player sticker
Iraq,IRQ,18,Ali Al-Hamadi,player sticker
Iraq,IRQ,19,Aymen Hussein,player sticker
Iraq,IRQ,20,Mohanad Ali,player sticker
Jordan,JOR,1,Team Logo,team logo · foil
Jordan,JOR,2,Yazeed Abulaila,player sticker
Jordan,JOR,3,Ihsan Haddad,player sticker
Jordan,JOR,4,Mohammad Abu Hashish,player sticker
Jordan,JOR,5,Yazan Al-Arab,player sticker
Jordan,JOR,6,Abdallah Nasib,player sticker
Jordan,JOR,7,Saleem Obaid,player sticker
Jordan,JOR,8,Mohammad Abualnadi,player sticker
Jordan,JOR,9,Ibrahim Saadeh,player sticker
Jordan,JOR,10,Nizar Al-Rashdan,player sticker
Jordan,JOR,11,Noor Al-Rawabdeh,player sticker
Jordan,JOR,12,Mohannad Abu Taha,player sticker
Jordan,JOR,13,Team Photo,team photo
Jordan,JOR,14,Amer Jamous,player sticker
Jordan,JOR,15,Musa Al-Taamari,player sticker
Jordan,JOR,16,Yazan Al-Naimat,player sticker
Jordan,JOR,17,Mahmoud Al-Mardi,player sticker
Jordan,JOR,18,Ali Olwan,player sticker
Jordan,JOR,19,Mohammad Abu Zrayq,player sticker
Jordan,JOR,20,Ibrahim Sabra,player sticker
Japan,JPN,1,Team Logo,team logo · foil
Japan,JPN,2,Zion Suzuki,player sticker
Japan,JPN,3,Henry Heroki Mochizuki,player sticker
Japan,JPN,4,Ayumu Seko,player sticker
Japan,JPN,5,Junnosuke Suzuki,player sticker
Japan,JPN,6,Shogo Taniguchi,player sticker
Japan,JPN,7,Tsuyoshi Watanabe,player sticker
Japan,JPN,8,Kaishu Sano,player sticker
Japan,JPN,9,Yuki Soma,player sticker
Japan,JPN,10,Ao Tanaka,player sticker
Japan,JPN,11,Daichi Kamada,player sticker
Japan,JPN,12,Takefusa Kubo,player sticker
Japan,JPN,13,Team Photo,team photo
Japan,JPN,14,Ritsu Doan,player sticker
Japan,JPN,15,Keito Nakamura,player sticker
Japan,JPN,16,Takumi Minamino,player sticker
Japan,JPN,17,Shuto Machino,player sticker
Japan,JPN,18,Junya Ito,player sticker
Japan,JPN,19,Koki Ogawa,player sticker
Japan,JPN,20,Ayase Ueda,player sticker
South Korea,KOR,1,Team Logo,team logo · foil
South Korea,KOR,2,Hyeon-woo Jo,player sticker
South Korea,KOR,3,Seung-Gyu Kim,player sticker
South Korea,KOR,4,Min-jae Kim,player sticker
South Korea,KOR,5,Yu-min Cho,player sticker
South Korea,KOR,6,Young-woo Seol,player sticker
South Korea,KOR,7,Han-beom Lee,player sticker
South Korea,KOR,8,Tae-seok Lee,player sticker
South Korea,KOR,9,Myung-jae Lee,player sticker
South Korea,KOR,10,Jae-sung Lee,player sticker
South Korea,KOR,11,In-beom Hwang,player sticker
South Korea,KOR,12,Kang-in Lee,player sticker
South Korea,KOR,13,Team Photo,team photo
South Korea,KOR,14,Seung-ho Paik,player sticker
South Korea,KOR,15,Jens Castrop,player sticker
South Korea,KOR,16,Dongg-yeong Lee,player sticker
South Korea,KOR,17,Gue-sung Cho,player sticker
South Korea,KOR,18,Heung-min Son,player sticker
South Korea,KOR,19,Hee-chan Hwang,player sticker
South Korea,KOR,20,Hyeon-Gyu Oh,player sticker
Saudi Arabia,KSA,1,Team Logo,team logo · foil
Saudi Arabia,KSA,2,Nawaf Alaqidi,player sticker
Saudi Arabia,KSA,3,Abdulrahman Al-Sanbi,player sticker
Saudi Arabia,KSA,4,Saud Abdulhamid,player sticker
Saudi Arabia,KSA,5,Nawaf Bouwashl,player sticker
Saudi Arabia,KSA,6,Jihad Thakri,player sticker
Saudi Arabia,KSA,7,Moteb Al-Harbi,player sticker
Saudi Arabia,KSA,8,Hassan Altambakti,player sticker
Saudi Arabia,KSA,9,Musab Aljuwayr,player sticker
Saudi Arabia,KSA,10,Ziyad Aljohani,player sticker
Saudi Arabia,KSA,11,Abdullah Alkhaibari,player sticker
Saudi Arabia,KSA,12,Nasser Aldawsari,player sticker
Saudi Arabia,KSA,13,Team Photo,team photo
Saudi Arabia,KSA,14,Saleh Abu Alshamat,player sticker
Saudi Arabia,KSA,15,Marwan Alsahafi,player sticker
Saudi Arabia,KSA,16,Salem Aldawsari,player sticker
Saudi Arabia,KSA,17,Abdulrahman Al-Aboud,player sticker
Saudi Arabia,KSA,18,Feras Akbrikan,player sticker
Saudi Arabia,KSA,19,Saleh Alshehri,player sticker
Saudi Arabia,KSA,20,Abdullah Al-Hamdan,player sticker
Morocco,MAR,1,Team Logo,team logo · foil
Morocco,MAR,2,Yassine Bounou,player sticker
Morocco,MAR,3,Munir El Kajoui,player sticker
Morocco,MAR,4,Achraf Hakimi,player sticker
Morocco,MAR,5,Noussair Mazraoui,player sticker
Morocco,MAR,6,Nayef Aguerd,player sticker
Morocco,MAR,7,Roman Saiss,player sticker
Morocco,MAR,8,Jawad El Yamio,player sticker
Morocco,MAR,9,Adam Masina,player sticker
Morocco,MAR,10,Sofyan Amrabat,player sticker
Morocco,MAR,11,Azzedine Ounahi,player sticker
Morocco,MAR,12,Eliesse Ben Seghir,player sticker
Morocco,MAR,13,Team Photo,team photo
Morocco,MAR,14,Bilal El Khannouss,player sticker
Morocco,MAR,15,Ismael Saibari,player sticker
Morocco,MAR,16,Youssef En-Nesyri,player sticker
Morocco,MAR,17,Abde Ezzalzouli,player sticker
Morocco,MAR,18,Soufiane Rahimi,player sticker
Morocco,MAR,19,Brahim Diaz,player sticker
Morocco,MAR,20,Ayoub El Kaabi,player sticker
Mexico,MEX,1,Team Logo,team logo · foil
Mexico,MEX,2,Luis Malagón,player sticker
Mexico,MEX,3,Johan Vasquez,player sticker
Mexico,MEX,4,Jorge Sánchez,player sticker
Mexico,MEX,5,Cesar Montes,player sticker
Mexico,MEX,6,Jesus Gallardo,player sticker
Mexico,MEX,7,Israel Reyes,player sticker
Mexico,MEX,8,Diego Lainez,player sticker
Mexico,MEX,9,Carlos Rodriguez,player sticker
Mexico,MEX,10,Edson Alvarez,player sticker
Mexico,MEX,11,Orbelin Pineda,player sticker
Mexico,MEX,12,Marcel Ruiz,player sticker
Mexico,MEX,13,Team Photo,team photo
Mexico,MEX,14,Érick Sánchez,player sticker
Mexico,MEX,15,Hirving Lozano,player sticker
Mexico,MEX,16,Santiago Giménez,player sticker
Mexico,MEX,17,Raúl Jiménez,player sticker
Mexico,MEX,18,Alexis Vega,player sticker
Mexico,MEX,19,Roberto Alvarado,player sticker
Mexico,MEX,20,Cesar Huerta,player sticker
Netherlands,NED,1,Team Logo,team logo · foil
Netherlands,NED,2,Bart Verbruggen,player
Netherlands,NED,3,Virgil van Dijk,player
Netherlands,NED,4,Micky van de Ven,player
Netherlands,NED,5,Jurrien Timber,player
Netherlands,NED,6,Denzel Dumfries,player
Netherlands,NED,7,Nathan Aké,player
Netherlands,NED,8,Jeremie Frimpong,player
Netherlands,NED,9,Jan Paul van Hecke,player
Netherlands,NED,10,Tijjani Reijnders,player
Netherlands,NED,11,Ryan Gravenberch,player
Netherlands,NED,12,Teun Koopmeiners,player
Netherlands,NED,13,Team Photo,team photo
Netherlands,NED,14,Frenkie de Jong,player
Netherlands,NED,15,Xavi Simons,player
Netherlands,NED,16,Justin Kluivert,player
Netherlands,NED,17,Memphis Depay,player
Netherlands,NED,18,Donyell Malen,player
Netherlands,NED,19,Wout Weghorst,player
Netherlands,NED,20,Cody Gakpo,player
Norway,NOR,1,Team Logo,team logo · foil
Norway,NOR,2,Orjan Nyland,player sticker
Norway,NOR,3,Julian Ryerson,player sticker
Norway,NOR,4,Leo Ostigård,player sticker
Norway,NOR,5,Kristoffer Vassbakk Ajer,player sticker
Norway,NOR,6,Marcus Holmgren Pedersen,player sticker
Norway,NOR,7,David Møller Wolfe,player sticker
Norway,NOR,8,Torbjørn Heggem,player sticker
Norway,NOR,9,Morten Thorsby,player sticker
Norway,NOR,10,Martin Ødegaard,player sticker
Norway,NOR,11,Sander Berge,player sticker
Norway,NOR,12,Andreas Schjelderup,player sticker
Norway,NOR,13,Team Photo,team photo
Norway,NOR,14,Patrick Berg,player sticker
Norway,NOR,15,Erling Haaland,player sticker
Norway,NOR,16,Alexander Sørloth,player sticker
Norway,NOR,17,Aron Dønnum,player sticker
Norway,NOR,18,Jorgen Strand Larsen,player sticker
Norway,NOR,19,Antonio Nusa,player sticker
Norway,NOR,20,Oscar Bobb,player sticker
New Zealand,NZL,1,Team Logo,team logo · foil
New Zealand,NZL,2,Max Crocombe Payne,player sticker
New Zealand,NZL,3,Alex Paulsen,player sticker
New Zealand,NZL,4,Michael Boxall,player sticker
New Zealand,NZL,5,Liberato Cacace,player sticker
New Zealand,NZL,6,Tim Payne,player sticker
New Zealand,NZL,7,Tyler Bindon,player sticker
New Zealand,NZL,8,Francis de Vries,player sticker
New Zealand,NZL,9,Finn Surman,player sticker
New Zealand,NZL,10,Joe Bell,player sticker
New Zealand,NZL,11,Sarpreet Singh,player sticker
New Zealand,NZL,12,Ryan Thomas,player sticker
New Zealand,NZL,13,Team Photo,team photo
New Zealand,NZL,14,Matthew Garbett,player sticker
New Zealand,NZL,15,Marko Stamenić,player sticker
New Zealand,NZL,16,Ben Old,player sticker
New Zealand,NZL,17,Chris Wood,player sticker
New Zealand,NZL,18,Elijah Just,player sticker
New Zealand,NZL,19,Callum McCowatt,player sticker
New Zealand,NZL,20,Kosta Barbarouses,player sticker
Panama,PAN,1,Team Logo,team logo · foil
Panama,PAN,2,Orlando Mosquera,player sticker
Panama,PAN,3,Luis Mejia,player sticker
Panama,PAN,4,Fidel Escobar,player sticker
Panama,PAN,5,Andres Andrade,player sticker
Panama,PAN,6,Michael Amir Murillo,player sticker
Panama,PAN,7,Eric Davis,player sticker
Panama,PAN,8,Jose Cordoba,player sticker
Panama,PAN,9,Cesar Blackman,player sticker
Panama,PAN,10,Cristian Martinez,player sticker
Panama,PAN,11,Aníbal Godoy,player sticker
Panama,PAN,12,Adalberto Carrasquilla,player sticker
Panama,PAN,13,Team Photo,team photo
Panama,PAN,14,Édgar Bárcenas,player sticker
Panama,PAN,15,Carlos Harvey,player sticker
Panama,PAN,16,Ismael Díaz,player sticker
Panama,PAN,17,Jose Fajardo,player sticker
Panama,PAN,18,Cecilio Waterman,player sticker
Panama,PAN,19,Jose Luiz Rodriguez,player sticker
Panama,PAN,20,Alberto Quintero,player sticker
Paraguay,PAR,1,Team Logo,team logo · foil
Paraguay,PAR,2,Roberto Fernandez,player sticker
Paraguay,PAR,3,Orlando Gill,player sticker
Paraguay,PAR,4,Gustavo Gomez,player sticker
Paraguay,PAR,5,Fabián Balbuena,player sticker
Paraguay,PAR,6,Juan José Cáceres,player sticker
Paraguay,PAR,7,Omar Alderete,player sticker
Paraguay,PAR,8,Junior Alonso,player sticker
Paraguay,PAR,9,Mathías Villasanti,player sticker
Paraguay,PAR,10,Diego Gomez,player sticker
Paraguay,PAR,11,Damián Bobadilla,player sticker
Paraguay,PAR,12,Andres Cubas,player sticker
Paraguay,PAR,13,Team Photo,team photo
Paraguay,PAR,14,Matias Galarza Fonda,player sticker
Paraguay,PAR,15,Julio Enciso,player sticker
Paraguay,PAR,16,Alejandro Romero Gamarra,player sticker
Paraguay,PAR,17,Miguel Almirón,player sticker
Paraguay,PAR,18,Ramon Sosa,player sticker
Paraguay,PAR,19,Angel Romero,player sticker
Paraguay,PAR,20,Antonio Sanabria,player sticker
Portugal,POR,1,Team Logo,team logo · foil
Portugal,POR,2,Diogo Costa,player sticker
Portugal,POR,3,Jose Sa,player sticker
Portugal,POR,4,Ruben Dias,player sticker
Portugal,POR,5,João Cancelo,player sticker
Portugal,POR,6,Diogo Dalot,player sticker
Portugal,POR,7,Nuno Mendes,player sticker
Portugal,POR,8,Gonçalo Inácio,player sticker
Portugal,POR,9,Bernardo Silva,player sticker
Portugal,POR,10,Bruno Fernandes,player sticker
Portugal,POR,11,Ruben Neves,player sticker
Portugal,POR,12,Vitinha,player sticker
Portugal,POR,13,Team Photo,team photo
Portugal,POR,14,João Neves,player sticker
Portugal,POR,15,Cristiano Ronaldo,player sticker
Portugal,POR,16,Francisco Trincao,player sticker
Portugal,POR,17,João Felix,player sticker
Portugal,POR,18,Gonçalo Ramos,player sticker
Portugal,POR,19,Pedro Neto,player sticker
Portugal,POR,20,Rafael Leão,player sticker
Qatar,QAT,1,Team Logo,team logo · foil
Qatar,QAT,2,Meshaal Barsham,player sticker
Qatar,QAT,3,Sultan Albrake,player sticker
Qatar,QAT,4,Lucas Mendes,player sticker
Qatar,QAT,5,Homam Ahmed,player sticker
Qatar,QAT,6,Boualem Khoukhi,player sticker
Qatar,QAT,7,Pedro Miguel,player sticker
Qatar,QAT,8,Tarek Salman,player sticker
Qatar,QAT,9,Mohamed Al-Mannai,player sticker
Qatar,QAT,10,Karim Boudiaf,player sticker
Qatar,QAT,11,Assim Madibo,player sticker
Qatar,QAT,12,Ahmed Fatehi,player sticker
Qatar,QAT,13,Team Photo,team photo
Qatar,QAT,14,Mohammed Waad,player sticker
Qatar,QAT,15,Abdulaziz Hatem,player sticker
Qatar,QAT,16,Hassan Al-Haydos,player sticker
Qatar,QAT,17,Edmilson Junior,player sticker
Qatar,QAT,18,Akram Hassan Afif,player sticker
Qatar,QAT,19,Ahmed Al Ganehi,player sticker
Qatar,QAT,20,Almoez Ali,player sticker
South Africa,RSA,1,Team Logo,team logo · foil
South Africa,RSA,2,Ronwen Williams,player sticker
South Africa,RSA,3,Sipho Chaine,player sticker
South Africa,RSA,4,Aubrey Modiba,player sticker
South Africa,RSA,5,Samukele Kabini,player sticker
South Africa,RSA,6,Mbekezeli Mbokazi,player sticker
South Africa,RSA,7,Khulumani Ndamane,player sticker
South Africa,RSA,8,Siyabonga Ngezana,player sticker
South Africa,RSA,9,Khuliso Mudau,player sticker
South Africa,RSA,10,Nkosinathi Sibisi,player sticker
South Africa,RSA,11,Teboho Mokoena,player sticker
South Africa,RSA,12,Thalente Mbatha,player sticker
South Africa,RSA,13,Team Photo,team photo
South Africa,RSA,14,Bathasi Aubaas,player sticker
South Africa,RSA,15,Yaya Sithole,player sticker
South Africa,RSA,16,Sipho Mbule,player sticker
South Africa,RSA,17,Lyle Foster,player sticker
South Africa,RSA,18,Iqraam Rayners,player sticker
South Africa,RSA,19,Mohau Nkota,player sticker
South Africa,RSA,20,Oswin Appollis,player sticker
Scotland,SCO,1,Team Logo,team logo · foil
Scotland,SCO,2,Angus Gunn,player sticker
Scotland,SCO,3,Jack Hendry,player sticker
Scotland,SCO,4,Kieran Tierney,player sticker
Scotland,SCO,5,Aaron Hickey,player sticker
Scotland,SCO,6,Andrew Robertson,player sticker
Scotland,SCO,7,Scott McKenna,player sticker
Scotland,SCO,8,John Souttar,player sticker
Scotland,SCO,9,Anthony Ralston,player sticker
Scotland,SCO,10,Grant Hanley,player sticker
Scotland,SCO,11,Scott McTominay,player sticker
Scotland,SCO,12,Billy Gilmour,player sticker
Scotland,SCO,13,Team Photo,team photo
Scotland,SCO,14,Lewis Ferguson,player sticker
Scotland,SCO,15,Ryan Christie,player sticker
Scotland,SCO,16,Kenny McLean,player sticker
Scotland,SCO,17,John McGinn,player sticker
Scotland,SCO,18,Lyndon Dykes,player sticker
Scotland,SCO,19,Che Adams,player sticker
Scotland,SCO,20,Ben Gannon-Doak,player sticker
Senegal,SEN,1,Team Logo,team logo · foil
Senegal,SEN,2,Edouard Mendy,player sticker
Senegal,SEN,3,Yehvann Diouf,player sticker
Senegal,SEN,4,Moussa Niakhaté,player sticker
Senegal,SEN,5,Abdoulaye Seck,player sticker
Senegal,SEN,6,Ismail Jakobs,player sticker
Senegal,SEN,7,El Hadji Malick Diouf,player sticker
Senegal,SEN,8,Kalidou Koulibaly,player sticker
Senegal,SEN,9,Idrissa Gana Gueye,player sticker
Senegal,SEN,10,Pape Matar Sarr,player sticker
Senegal,SEN,11,Pape Gueye,player sticker
Senegal,SEN,12,Habib Diarra,player sticker
Senegal,SEN,13,Team Photo,team photo
Senegal,SEN,14,Lamine Camara,player sticker
Senegal,SEN,15,Sadio Mane,player sticker
Senegal,SEN,16,Ismaïla Sarr,player sticker
Senegal,SEN,17,Boulaye Dia,player sticker
Senegal,SEN,18,Iliman Ndiaye,player sticker
Senegal,SEN,19,Nicolas Jackson,player sticker
Senegal,SEN,20,Krepin Diatta,player sticker
Switzerland,SUI,1,Team Logo,team logo · foil
Switzerland,SUI,2,Gregor Kobel,player sticker
Switzerland,SUI,3,Yvon Mvogo,player sticker
Switzerland,SUI,4,Manuel Akanji,player sticker
Switzerland,SUI,5,Ricardo Rodriguez,player sticker
Switzerland,SUI,6,Nico Elvedi,player sticker
Switzerland,SUI,7,Aurèle Amenda,player sticker
Switzerland,SUI,8,Silvan Widmer,player sticker
Switzerland,SUI,9,Granit Xhaka,player sticker
Switzerland,SUI,10,Denis Zakaria,player sticker
Switzerland,SUI,11,Remo Freuler,player sticker
Switzerland,SUI,12,Fabian Rieder,player sticker
Switzerland,SUI,13,Team Photo,team photo
Switzerland,SUI,14,Ardon Jashari,player sticker
Switzerland,SUI,15,Johan Manzambi,player sticker
Switzerland,SUI,16,Michel Aebischer,player sticker
Switzerland,SUI,17,Breel Embolo,player sticker
Switzerland,SUI,18,Ruben Vargas,player sticker
Switzerland,SUI,19,Dan Ndoye,player sticker
Switzerland,SUI,20,Zeki Amdouni,player sticker
Sweden,SWE,1,Team Logo,team logo · foil
Sweden,SWE,2,Victor Johansson,player sticker
Sweden,SWE,3,Isak Hien,player sticker
Sweden,SWE,4,Gabriel Gudmundsson,player sticker
Sweden,SWE,5,Emil Holm,player sticker
Sweden,SWE,6,Victor Nilsson Lindelöf,player sticker
Sweden,SWE,7,Gustaf Lagerbielke,player sticker
Sweden,SWE,8,Lucas Bergvall,player sticker
Sweden,SWE,9,Hugo Larsson,player sticker
Sweden,SWE,10,Jesper Karlström,player sticker
Sweden,SWE,11,Yasin Ayari,player sticker
Sweden,SWE,12,Mattias Svanberg,player sticker
Sweden,SWE,13,Team Photo,team photo
Sweden,SWE,14,Daniel Svensson,player sticker
Sweden,SWE,15,Ken Sema,player sticker
Sweden,SWE,16,Roony Bardghji,player sticker
Sweden,SWE,17,Dejan Kulusevski,player sticker
Sweden,SWE,18,Anthony Elanga,player sticker
Sweden,SWE,19,Alexander Isak,player sticker
Sweden,SWE,20,Viktor Gyökeres,player sticker
Tunisia,TUN,1,Team Logo,team logo · foil
Tunisia,TUN,2,Bechir Ben Said,player sticker
Tunisia,TUN,3,Aymen Dahmen,player sticker
Tunisia,TUN,4,Yan Valery,player sticker
Tunisia,TUN,5,Montassar Talbi,player sticker
Tunisia,TUN,6,Yassine Meriah,player sticker
Tunisia,TUN,7,Ali Abdi,player sticker
Tunisia,TUN,8,Dylan Bronn,player sticker
Tunisia,TUN,9,Ellyes Skhiri,player sticker
Tunisia,TUN,10,Aissa Laidouni,player sticker
Tunisia,TUN,11,Ferjani Sassi,player sticker
Tunisia,TUN,12,Mohamed Ali Ben Romdhane,player sticker
Tunisia,TUN,13,Team Photo,team photo
Tunisia,TUN,14,Hannibal Mejbri,player sticker
Tunisia,TUN,15,Elias Achouri,player sticker
Tunisia,TUN,16,Elias Saad,player sticker
Tunisia,TUN,17,Hazem Mastouri,player sticker
Tunisia,TUN,18,Ismael Gharbi,player sticker
Tunisia,TUN,19,Sayfallah Ltaief,player sticker
Tunisia,TUN,20,Naim Sliti,player sticker
Turkey,TUR,1,Team Logo,team logo · foil
Turkey,TUR,2,Ugurcan Cakir,player sticker
Turkey,TUR,3,Mert Muldur,player sticker
Turkey,TUR,4,Zeki Celik,player sticker
Turkey,TUR,5,Abdulkerim Bardakci,player sticker
Turkey,TUR,6,Caglar Soyuncu,player sticker
Turkey,TUR,7,Merih Demiral,player sticker
Turkey,TUR,8,Ferdi Kadioglu,player sticker
Turkey,TUR,9,Kaan Ayhan,player sticker
Turkey,TUR,10,Ismail Yuksek,player sticker
Turkey,TUR,11,Hakan Calhanoglu,player sticker
Turkey,TUR,12,Orkun Kokcu,player sticker
Turkey,TUR,13,Team Photo,team photo
Turkey,TUR,14,Arda Guler,player sticker
Turkey,TUR,15,Irfan Can Kahveci,player sticker
Turkey,TUR,16,Yunus Akgun,player sticker
Turkey,TUR,17,Can Uzun,player sticker
Turkey,TUR,18,Baris Alper Yilmaz,player sticker
Turkey,TUR,19,Kerem Akturkoglu,player sticker
Turkey,TUR,20,Kenan Yildiz,player sticker
Uruguay,URU,1,Team Logo,team logo · foil
Uruguay,URU,2,Sergio Rochet,player sticker
Uruguay,URU,3,Santiago Mele,player sticker
Uruguay,URU,4,Ronald Araujo,player sticker
Uruguay,URU,5,José María Giménez,player sticker
Uruguay,URU,6,Sebastian Caceres,player sticker
Uruguay,URU,7,Mathias Olivera,player sticker
Uruguay,URU,8,Guillermo Varela,player sticker
Uruguay,URU,9,Nahitan Nandez,player sticker
Uruguay,URU,10,Federico Valverde,player sticker
Uruguay,URU,11,Giorgian De Arrascaeta,player sticker
Uruguay,URU,12,Rodrigo Bentancur,player sticker
Uruguay,URU,13,Team Photo,team photo
Uruguay,URU,14,Manuel Ugarte,player sticker
Uruguay,URU,15,Nicolás de la Cruz,player sticker
Uruguay,URU,16,Maxi Araujo,player sticker
Uruguay,URU,17,Darwin Núñez,player sticker
Uruguay,URU,18,Federico Viñas,player sticker
Uruguay,URU,19,Rodrigo Aguirre,player sticker
Uruguay,URU,20,Facundo Pellistri,player sticker
United States,USA,1,Team Logo,team logo · foil
United States,USA,2,Math Freese,player sticker
United States,USA,3,Chris Richards,player sticker
United States,USA,4,Tim Ream,player sticker
United States,USA,5,Mark McKenzie,player sticker
United States,USA,6,Alex Freeman,player sticker
United States,USA,7,Antonee Robinson,player sticker
United States,USA,8,Tyler Adams,player sticker
United States,USA,9,Tanner Tessmann,player sticker
United States,USA,10,Weston McKenny,player sticker
United States,USA,11,Christian Roldan,player sticker
United States,USA,12,Timothy Weah,player sticker
United States,USA,13,Team Photo,team photo
United States,USA,14,Diego Luna,player sticker
United States,USA,15,Malik Tillman,player sticker
United States,USA,16,Christian Pulisic,player sticker
United States,USA,17,Brenden Aaronson,player sticker
United States,USA,18,Ricardo Pepi,player sticker
United States,USA,19,Haji Wright,player sticker
United States,USA,20,Folarin Balogun,player sticker
Uzbekistan,UZB,1,Team Logo,team logo · foil
Uzbekistan,UZB,2,Utkir Yusupov,player
Uzbekistan,UZB,3,Farrukh Savfiev,player
Uzbekistan,UZB,4,Sherzod Nasrullaev,player
Uzbekistan,UZB,5,Umar Eshmurodov,player
Uzbekistan,UZB,6,Husniddin Aliqulov,player
Uzbekistan,UZB,7,Rustamjon Ashurmatov,player
Uzbekistan,UZB,8,Khojiakbar Alijonov,player
Uzbekistan,UZB,9,Abdukodir Khusanov,player
Uzbekistan,UZB,10,Odiljon Hamrobekov,player
Uzbekistan,UZB,11,Otabek Shukurov,player
Uzbekistan,UZB,12,Jamshid Iskanderov,player
Uzbekistan,UZB,13,Team Photo,team photo
Uzbekistan,UZB,14,Azizbek Turgunboev,player
Uzbekistan,UZB,15,Khojimat Erkinov,player
Uzbekistan,UZB,16,Eldor Shomurodov,player
Uzbekistan,UZB,17,Oston Urunov,player
Uzbekistan,UZB,18,Jaloliddin Masharipov,player
Uzbekistan,UZB,19,Igor Sergeev,player
Uzbekistan,UZB,20,Abbosbek Fayzullaev,player
